# gợi ý trang	lời kể  — nguồn sự thật, sửa ở đây rồi chạy build-narration.py
P03	Giữa đồng cỏ tối, Frieren giơ trượng đối diện một sinh vật lớn.
P03	Stark hoảng hốt cầm rìu đứng cạnh, trong khi Fern lùi lại phía sau quan sát.
P04	Trong dinh thự, Stark vừa ăn xong, tay vẫn còn quấn băng: ngon lành, giờ thì mình có thể cử động linh hoạt lại rồi.
P04	Bên ngoài, một ngôi nhà thờ chìm trong màn đêm — không một tiếng động.
P04	Một phụ nữ lớn tuổi lên tiếng trấn an: tất nhiên rồi, hàng rào được dựng bao quanh đây cũng khá kiên cố đấy.
P04	Một người trẻ tuổi đứng gần đó vẫn nắm chặt tay, hỏi vọng về phía khác: cha à, nơi đây an toàn chứ?
P04	Một thanh niên khác đập tay xuống bàn, không chịu nổi cảnh chờ đợi: ngài tưởng rằng lũ quỷ kia sẽ bỏ đi nếu như chúng ta cứ trốn trong này mãi hay sao?
P04	Anh thu dọn đồ định tự ý rời đi, lập tức bị người khác quát lại: thằng ngốc này, cậu đang tính làm gì thế hả?
P04	Giữa lúc đó, Fern xuất hiện ở cửa, hỏi Stark: Stark-sama, cậu nghiêm túc đấy à?
P05	Cả hai bàn về nguy cơ nếu tiếp tục giao chiến: nếu như còn tiếp tục chiến đấu thêm nữa, thì khả năng cao chúng ta mới là kẻ phải bỏ mạng đấy.
P05	Trên nền gạch vỡ, một bé gái quỷ hai sừng, tóc buộc hai bên, tự tin đánh giá đòn tập kích vừa rồi: cũng may là đòn tấn công bất ngờ đấy lại có hiệu quả.
P05	Giờ cũng chẳng còn sơ hở nào để chúng ta có thể hạ được chúng nữa đâu, cô tiếp lời.
P05	Có người hỏi ai mới là người phải làm việc này; một người khác quyết định đi theo: nếu vậy thì tôi sẽ đi theo cậu.
P06	Có người lo cho an nguy của Stark, nhưng cậu từ chối, dứt khoát: không, Fern phải đi tới trạm gác, để còn sơ tán người dân trong thị trấn này nữa.
P06	Cậu tự nhủ quyết tâm riêng: tôi sẽ ra van xin nài nỉ đến tận chân răng để lôi Frieren về cho bằng được.
P06	Giờ chỉ có mỗi cách là nhờ cô ấy đập tụi kia ra bã thôi chứ còn sao nữa, ai đó buột miệng — rồi giật mình khi thấy Stark đã bước vào từ lúc nào.
P07	Ba người ngoài hành lang đá nhận xét: kể ra thì nghe cũng thực tế thật.
P07	Phố đêm sát tường thành vắng lặng, chỉ chờ tới lúc lên đường.
P07	Fern nhận một vật từ tay ai đó, được dặn: chỉ cần chìa cái này trước mặt lính gác, thì họ sẽ nghe răm rắp.
P07	Thanh niên lúc nãy dứt khoát tuyên bố: còn tôi thì sẽ rời khỏi thị trấn này ngay đây.
P08	Stark và Fern rời dinh thự, đi trong im lặng giữa đêm.
P08	Trêu vết thương ở tay Stark, Fern hỏi: nhìn tay cậu mà xem, trông ghê chưa kìa, cậu có chắc là mình băng qua được cổng dinh thự không đấy?
P08	Stark gạt đi, coi vết máu là phong cách của một chiến binh — rồi hạ giọng hỏi thêm: cô thấy chỗ nào khác thường à?
P08	Thế thì trước hết cô nên tự coi lại bản thân mình đi, Fern à, bởi vì cô cũng... một giọng nói đáp trả, bỏ lửng giữa chừng.
P09	Stark cúi nhìn vết máu, đùa hỏi: cơ mà, máu của ai ấy nhỉ, chẳng lẽ máu tôi lại bắn lên người cô à — Fern bỗng nghiêm mặt lại.
P09	Một bóng đen dạng xúc tu bất ngờ phóng qua tường: ơ này! Ai đó hét lên báo động.
P09	Stark quay phắt lại, chưa hiểu chuyện gì: sao vậy?
P10	Cú đánh trúng Fern, nhưng cô kịp nhận ra: Stark-sama, tôi cảm nhận được ma lực từ những vết máu này.
P10	Một dải đen quật cô bay ngang, va đập mạnh vào tường — Fern!! Stark hét lên.
P10	Fern gượng dậy, chỉnh lại áo choàng, có vẻ vẫn ổn.
P11	Bé gái quỷ tóc buộc hai bên lao tới, ôm chặt một vật tròn trong tay; Stark vung rìu nghênh chiến.
P11	Cú rìu của cậu hụt mất: rìu u!?
P11	Cả hai bị hất văng xuyên qua tường gạch, một tiếng nổ lớn vang lên, đất đá văng tứ tung.
P12	Cô đứng dậy, tay cầm một cây trượng giống hệt trượng của Fern, đắc ý buông một câu: là kỹ thuật của sư phụ đây mà.
P12	Stark nằm giữa hố đất đá, chưa tin nổi chuyện vừa xảy ra: thật không thể tin nổi, mình đang mơ hay sao?
P12	Một quỷ trưởng thành — tóc dài, sừng thẳng dựng, khoác áo choàng sang trọng — ghì Fern vào tường bằng dải đen, phân trần: ta cũng không cố ý làm cô phải chịu đau thế này đâu.
P12	Do chuyển động hơi chậm nên trượt mất những chỗ trọng yếu của cô mất rồi, hắn nói thêm.
P13	Mỉa mai, hắn hỏi: hay là bởi vì cô không thể biết trước rằng tụi ta đang tiếp cận?
P13	Fern chỉ im lặng nhìn thẳng.
P13	Hắn chất vấn tiếp: thấy ta vẫn đứng sờ sờ ở đây mặc cho thương tích đầy mình à?
P13	Hắn tự trào ngay sau đó: ta không nghĩ rằng đây lại là một hành động thích đáng trong cuộc chiến giữa các pháp sư với nhau đâu.
P13	Bất cứ con quỷ nào cũng có thể làm được cả đấy, hắn chỉ ra — cô không phải là kẻ duy nhất biết vận dụng trí khôn để lẩn giấu sự hiện diện của mình.
P14	Chuyển hướng, hắn tính toán: thôi thì dẫu sao ta cũng đã giết cô bất thành rồi, nên chi bằng thà hỏi vài thứ còn hơn.
P14	Fern thách thức: sao ngươi không giết ta luôn đi? Hay là cô bé muốn yên nghỉ ngay tức khắc? Hắn gặng hỏi — cô chỉ im lặng không đáp.
P15	Từ hố đất đá, cô bé quỷ gọi vọng xuống: cậu trai đằng kia có khỏe không vậy? Hỏi đi, Fern đáp lạnh.
P15	Đổi giọng thương hại, hắn cảnh báo: đã là đối thủ của Linie thì không dễ dàng yên thân mà chết được đâu.
P15	Hắn chợt nhận ra một điều: đó là đồ đệ tuyệt nhất của chiến binh Eisen.
P15	Hắn hỏi thẳng: Frieren đâu rồi? Thêm một câu nữa, hắn ép.
P15	Fern đáp vòng vo: thì sẽ phải lãnh án tử hình mà, Bá tước Granat cũng nói với ta như thế.
P16	Ngài ấy đã rời khỏi nơi này rồi, cô tiếp lời — bởi do các ngươi đã giết cai ngục cả đấy.
P16	Không tin đơn giản chỉ vậy, hắn vặn lại: cô bé nghĩ cô ta sẽ bỏ trốn chỉ vì mấy thứ vớ vẩn đó thôi sao, chắc chắn là phải có một động cơ nào đó.
P16	Hắn suy đoán: cô ta có một lòng căm thù sâu sắc với loài quỷ, sắc đến nỗi còn dạy cho chính đồ đệ của mình phép thuật diệt quỷ.
P16	Hắn buông thêm một câu đứng riêng, không rõ là tự xưng hay nhắc tới ai khác: là Aura-sama.
P17	Giơ vũ khí lên, hắn ra lệnh: không được cử động — nhà ngươi hình như đã ngờ ra được Frieren-sama đang ở đâu rồi đúng không?
P17	Phản công bất ngờ, Fern làm gãy vũ khí của hắn, giải thích: người chỉ muốn trả đũa đòn tấn công bất ngờ kia mà thôi.
P17	Thật ngu xuẩn, hắn cười nhạt — ngươi cũng nói dối về việc giết ta bất thành nữa phải chứ? Cô vặn lại.
P18	Chĩa thẳng vũ khí vào tim Fern ở cự ly gần, hắn tuyên bố: với cự ly gần như thế này, thì ta sẽ bắn xuyên tim ngươi được.
P18	Hắn phân tích: ngươi chẳng e sợ trước ai ngoại trừ Frieren-sama cả, kiêu căng và ngạo mạn — chính vì thế nên ngươi đã để lộ ra sơ hở.
P18	Fern thản nhiên cảnh cáo: cô sẽ rơi thủ cấp trước khi làm được điều đó đấy — cứ thử xem, hắn thách thức.
P18	Giữa một cánh rừng đầy xác quái vật trong ký ức, Frieren nhỏ bất giác hỏi lại: sao em lại hỏi thế?
P18	Câu hỏi ban đầu của Fern nhỏ vẫn còn đó: Frieren-sama này, em có đang giúp gì được cho ngài không vậy ạ?
P19	Fern sẽ không bao giờ bắt kịp được ta đâu, Frieren đáp thẳng, đó là sự chênh lệch về tuổi thọ ấy mà.
P19	Bởi vì em chẳng thể sử dụng phép thuật điêu luyện như Frieren-sama cả, Fern tự nhận — rồi cúi đầu: vậy ạ.
P19	Ta thường hay nhờ Fern xử lí quái vật đúng chứ, Frieren hỏi tiếp — nhưng đó chỉ là về phép thuật và kỹ thuật thôi, Fern đáp.
P19	Lý do thật sự, Frieren chốt lại, là bởi em giải phóng phép thuật nhanh hơn ta đấy — khi Fern chiến đấu thì trận đánh sẽ kết thúc nhanh hơn rất nhiều.
P20	Trở lại hiện tại, Fern đáp lại câu hỏi ban nãy: ta cũng thế cả thôi.
P20	Cô bé à, hắn trầm giọng, ta đã cống hiến phần lớn đời mình để theo đuổi phép thuật đấy.
P20	Một luồng sáng lớn bất ngờ xé ngang bầu trời thị trấn.
P20	Nó đánh trúng một tháp canh, mảnh vỡ bắn tung toé khắp nơi.
