# shot	trang	x0	y0	x1	y1   (-1 = hết cỡ)
S01	P01	0	8	-1	286
S02	P01	251	301	515	865
S03	P01	0	301	246	865
S04	P02	250	0	-1	-1
S05	P02	0	0	-1	-1
S06	P03	0	0	-1	-1
S07	P05	0	356	-1	636
S08	P05	0	0	-1	341
S09	P06	0	0	-1	-1
S10	P07	0	51	-1	331
S11	P07	0	279	-1	572
S12	P08	0	0	-1	239
S13	P08	0	210	-1	503
S14	P08	0	469	-1	853
S15	P09	0	410	-1	858
S16	P10	0	631	-1	860
S17	P11	0	0	-1	392
S18	P11	0	403	-1	630
S19	P11	0	0	-1	392
S20	P11	0	630	-1	859
S21	P12	0	0	-1	430
S22	P13	0	0	-1	718
S23	P13	0	652	-1	854
S24	P13	0	400	-1	718
S25	P12	0	430	-1	857
S26	P14	0	0	-1	222
S27	P15	0	16	-1	597
S28	P16	0	0	-1	238
S29	P16	0	659	-1	857
S30	P17	0	0	-1	-1
S31	P17	0	0	-1	400
S32	P18	0	0	-1	-1
S33	P19	0	22	-1	237
S34	P19	0	254	-1	458
S35	P19	0	475	-1	854
S36	P20	0	0	-1	233
S37	P20	0	250	-1	525
S38	P20	0	460	-1	753
S39	P20	0	621	-1	856
S40	P21	0	0	-1	329
S41	P21	0	345	-1	852
S42	P21	0	600	-1	852
S43	P22	0	0	-1	-1
S44	P22	0	0	-1	500
S45	P23	0	11	-1	854
S46	P24	0	559	-1	803
S47	P25	0	30	-1	463
S48	P25	0	480	-1	857
S49	P25	0	650	-1	857
S50	P26	0	0	-1	-1
S51	P27	0	451	-1	849
S52	P27	0	451	-1	660
S53	P28	0	0	-1	315
S54	P29	0	292	-1	612
S55	P31	0	0	-1	-1
S56	P31	0	0	-1	450
S57	P33	0	0	-1	338
S58	P33	0	355	-1	854
S59	P33	0	600	-1	854
S60	P34	0	5	-1	447
S61	P34	0	461	-1	855
S62	P36	0	0	-1	-1
S63	P37	0	0	-1	503
S64	P37	0	520	-1	856
S65	P39	0	223	-1	859
S66	P41	0	0	-1	-1
S67	P42	0	0	-1	406
S68	P42	0	423	-1	858
S69	P42	0	600	-1	858
S70	P43	0	317	-1	858
S71	P44	0	0	-1	321
S72	P44	0	338	-1	548
S73	P45	0	47	-1	362
S74	P47	0	207	-1	853
S75	P48	0	0	-1	-1
S76	P50	0	0	-1	-1
S77	P50	0	400	-1	857
S78	P51	0	0	-1	-1
S79	P52	0	0	-1	300
S80	P52	0	300	-1	620
S81	P52	0	620	-1	863
S82	P20	0	250	-1	525
S83	P52	0	300	-1	620
S84	P53	0	464	-1	854
