thời điểm	đoạn	ký tự	giây	request_id	giọng
2026-10-01 17:42:04	S01	90	5.04	8e0a4daa-33bd-48fb-a33f-ca7ca0684d23	hn_female_ngochuyen_full_48k-fhg
2026-10-01 17:42:15	S02	198	9.77	2e5e9c5c-0513-4627-9a67-c78b12f35505	hn_female_ngochuyen_full_48k-fhg
2026-10-01 17:42:55	S03	223	11.23	8de9a54e-a132-4e8b-9d5c-52570ea1e997	hn_female_ngochuyen_full_48k-fhg
2026-10-01 17:43:05	S04	136	7.76	6bfe9148-0668-4b45-8fe4-4a97cf2f1f17	hn_female_ngochuyen_full_48k-fhg
2026-10-01 17:43:17	S05	172	9.51	cca30c08-1e15-49f3-a856-58ae61062ad2	hn_female_ngochuyen_full_48k-fhg
2026-10-01 17:43:26	S06	156	7.76	4dceba98-a9df-4c5d-9214-704c1868203d	hn_female_ngochuyen_full_48k-fhg
2026-10-01 17:43:39	S07	193	10.63	c5a9cc14-4270-4b58-a60b-ad4e6dfb36d5	hn_female_ngochuyen_full_48k-fhg
2026-10-01 17:43:53	S08	168	9.38	c63aa2e8-a900-434b-bcda-d5674b689427	hn_female_ngochuyen_full_48k-fhg
2026-10-01 17:44:02	S09	206	11.44	aa3fc50c-bd8e-436d-94fc-cbb1d9137ed2	hn_female_ngochuyen_full_48k-fhg
2026-10-01 17:44:13	S10	100	5.67	ac086de1-fe68-4ba4-a6f6-14d56caac471	hn_female_ngochuyen_full_48k-fhg
2026-10-01 17:44:22	S11	117	5.83	26be1474-9afb-4266-92b6-22fbc0c1488c	hn_female_ngochuyen_full_48k-fhg
2026-10-01 17:44:32	S12	202	11.08	bcb6622d-314b-43c2-8b78-fc4214050436	hn_female_ngochuyen_full_48k-fhg
2026-10-01 17:44:48	S13	214	12.07	a0936d95-e6e1-45d2-b82a-97bad03ad939	hn_female_ngochuyen_full_48k-fhg
2026-10-01 17:44:59	S14	153	7.89	f12fa817-a9a3-4d68-94f0-296725fa8f77	hn_female_ngochuyen_full_48k-fhg
2026-10-01 17:45:10	S15	182	9.69	fb2fc758-a053-4c99-b44b-9fc5a092c0a8	hn_female_ngochuyen_full_48k-fhg
2026-10-01 17:45:24	S16	187	10.87	2a996bd5-0045-4116-a98c-ac79e4a3c2ef	hn_female_ngochuyen_full_48k-fhg
2026-10-01 17:45:31	S17	131	7.42	80fd3631-03c7-4ecb-8857-be84cd3e5c07	hn_female_ngochuyen_full_48k-fhg
2026-10-01 17:45:42	S18	130	7.16	ca0ba48b-6d1d-4d7a-8cc1-3d67d81fc285	hn_female_ngochuyen_full_48k-fhg
2026-10-01 17:45:56	S19	108	5.90	214cfe77-9e34-4a0a-8951-f04c99412992	hn_female_ngochuyen_full_48k-fhg
2026-10-01 17:46:04	S20	133	7.52	a71f450b-4f93-458b-9482-50997f3cbfa4	hn_female_ngochuyen_full_48k-fhg
2026-10-01 17:46:12	S21	146	7.84	fdd27602-23b5-472b-a0f1-84eb9279ae7e	hn_female_ngochuyen_full_48k-fhg
2026-10-01 17:46:24	S22	136	7.39	58734895-878d-4663-b6c9-2e6e221584be	hn_female_ngochuyen_full_48k-fhg
2026-10-01 17:46:35	S23	211	12.09	35ebf852-9be8-4916-9c56-50c9d57741a1	hn_female_ngochuyen_full_48k-fhg
2026-10-01 17:46:45	S24	78	4.47	296928db-8ec7-4ad4-b169-43548844bed3	hn_female_ngochuyen_full_48k-fhg
2026-10-01 17:46:55	S25	139	8.93	18d30898-f55b-479d-b5ca-5aca8f4b12ae	hn_female_ngochuyen_full_48k-fhg
2026-10-01 17:47:08	S26	215	11.99	ba329898-7189-4e24-9c11-b1227c539d61	hn_female_ngochuyen_full_48k-fhg
2026-10-01 17:47:20	S27	127	7.63	c5d8ef5f-ba62-486c-86e5-ef72fef538bf	hn_female_ngochuyen_full_48k-fhg
2026-10-01 17:47:34	S28	150	8.70	d61ee0a9-1204-426a-abbd-e3a91922236a	hn_female_ngochuyen_full_48k-fhg
2026-10-01 17:47:45	S29	153	8.46	691da22d-33f6-477b-a5cb-58c4e8331b61	hn_female_ngochuyen_full_48k-fhg
2026-10-01 17:47:57	S30	87	5.02	44c848ec-b6b4-41f9-b690-9fc6074ea5f0	hn_female_ngochuyen_full_48k-fhg
2026-10-01 17:48:05	S31	71	4.26	f381d0a8-67a2-4f07-a5cc-6e7cfc1d1737	hn_female_ngochuyen_full_48k-fhg
2026-10-01 17:48:17	S32	133	7.42	3d3198ba-500c-4c20-adaa-848b2f03e3dc	hn_female_ngochuyen_full_48k-fhg
2026-10-01 17:48:31	S33	191	10.08	e669e897-01ff-4c63-b45e-d3dddb179a4f	hn_female_ngochuyen_full_48k-fhg
2026-10-01 17:48:44	S34	142	7.52	22664ca4-fd3d-426e-ba44-26a0f4b379ee	hn_female_ngochuyen_full_48k-fhg
2026-10-01 17:48:55	S35	137	8.12	441a6c83-0b82-4f5f-9ac5-f15cfe010cc4	hn_female_ngochuyen_full_48k-fhg
2026-10-01 17:49:08	S36	114	6.53	a49849ec-857a-4caa-a8c9-690d6cba0cdb	hn_female_ngochuyen_full_48k-fhg
2026-10-01 17:49:20	S37	129	7.55	114b9bc6-afab-473d-bdac-ffaa145aee96	hn_female_ngochuyen_full_48k-fhg
2026-10-01 17:49:30	S38	110	5.93	b024dc57-158d-4a80-839a-d70d7e5c985e	hn_female_ngochuyen_full_48k-fhg
2026-10-01 17:49:46	S39	144	7.42	0be16d99-3cea-45eb-8c97-980a0be3bb84	hn_female_ngochuyen_full_48k-fhg
2026-10-01 17:49:58	S40	142	7.92	52894672-fa81-483a-82a8-b6d2c5092a55	hn_female_ngochuyen_full_48k-fhg
2026-10-01 17:50:05	S41	98	5.49	102babb2-cc2b-4891-9342-a0f355be46f4	hn_female_ngochuyen_full_48k-fhg
2026-10-01 17:50:19	S42	147	8.44	02c2ef90-f0d2-4d6d-9f68-0749bebc100e	hn_female_ngochuyen_full_48k-fhg
2026-10-01 17:50:32	S43	215	11.76	34b1fbd3-b8c3-46ff-855f-e39deb6a8aca	hn_female_ngochuyen_full_48k-fhg
2026-10-01 17:50:43	S44	177	9.74	970fd94b-d9a8-4b6d-83be-5dbfc1176178	hn_female_ngochuyen_full_48k-fhg
2026-10-01 17:50:55	S45	179	10.40	2370eb97-4063-4ea6-a6f8-ece5b28ec9f0	hn_female_ngochuyen_full_48k-fhg
2026-10-01 17:51:09	S46	50	3.42	a2b72c7d-0f40-446c-b803-60001b934022	hn_female_ngochuyen_full_48k-fhg
2026-10-01 17:51:22	S47	187	10.08	fe29312c-437a-4e7a-a73c-cf6f89587479	hn_female_ngochuyen_full_48k-fhg
2026-10-01 17:51:34	S48	70	4.00	0f67fbb2-1950-44b9-a22b-200110a25c05	hn_female_ngochuyen_full_48k-fhg
2026-10-01 17:51:47	S49	174	10.27	4f72bdce-b2c6-4843-b9b8-a0fecca8935f	hn_female_ngochuyen_full_48k-fhg
2026-10-01 17:51:59	S50	182	9.48	423bd819-b106-4a5c-9d7f-5144caefb32b	hn_female_ngochuyen_full_48k-fhg
2026-10-01 17:52:08	S51	123	6.82	6e0e2b80-feea-4407-a9cc-7dbbd9315889	hn_female_ngochuyen_full_48k-fhg
2026-10-01 17:52:20	S52	165	8.44	03eb1ccf-d4a8-49f7-8de5-d5083197c0f8	hn_female_ngochuyen_full_48k-fhg
2026-10-01 17:52:28	S53	92	5.30	f63d0642-6a6a-4284-81c4-9f03cc0ea9cd	hn_female_ngochuyen_full_48k-fhg
2026-10-01 17:52:41	S54	157	8.41	cb0c42a6-1059-442a-999c-45aacc628cf7	hn_female_ngochuyen_full_48k-fhg
2026-10-01 17:52:55	S55	93	6.64	376804ba-3b72-4c42-94e2-58584925a4c2	hn_female_ngochuyen_full_48k-fhg
2026-10-01 17:53:38	S56	219	10.71	84264516-f72e-4087-bace-8372d87c6f62	hn_female_ngochuyen_full_48k-fhg
2026-10-01 17:53:54	S57	240	12.98	8c326b60-ea41-4e8d-a6ad-a5535bcad75f	hn_female_ngochuyen_full_48k-fhg
2026-10-01 17:54:03	S58	93	5.02	c3d41e11-6da3-442c-9510-0cb3a35980f6	hn_female_ngochuyen_full_48k-fhg
