chapter,crawl,beat_sheet,narration,qc,shots,audio,dung,ngay_dang
C1,x,,,,,,,
C2,x,,,,,,,
C3,x,,,,,,,
C4,x,,,,,,,
C5,x,,,,,,,
C6,x,,,,,,x,2026-09-27
C7,x,,,,,,x,2026-09-28
C8,x,,,,,,x,2026-09-28
C9,x,,,,,,x,2026-09-27
C10,x,,,,,,x,2026-09-27
C11,x,,,,,,x,2026-10-01
C12,x,,,,,,x,2026-10-01
C13,x,,,,,,x,2026-10-01
C14,x,,,,,,x,2026-10-01
C15,x,,,,,,x,2026-10-01
C16,x,,,,,,x,2026-10-01
C17,x,,,,,,x,2026-10-01
C18,x,,,,,,x,2026-10-01
C19,x,,,,,,x,2026-10-03
C26,,,,,,,,
C27,,,,,,,,
C28,,,,,,,,
C29,,,,,,,,
C30,,,,,,,,
C20,x,,,,,,x,2026-10-07
C21,,,,,,,,
C22,,,,,,,,
C23,,,,,,,,
C24,,,,,,,,
C25,,,,,,,,
