S01	P03	-1	0	-1	1291
S02	P04	341	458	786	875
S03	P04	30	892	561	1291
S04	P05	609	0	869	502
S05	P05	609	0	869	502
S06	P05	114	0	584	502
S07	P05	114	0	584	502
S08	P05	-1	522	-1	827
S09	P05	-1	522	-1	827
S10	P05	411	844	869	1218
S11	P05	114	844	402	1218
S12	P06	0	0	550	744
S13	P06	558	0	-1	448
S14	P06	558	465	-1	744
S15	P06	-1	761	-1	1291
S16	P07	450	0	869	542
S17	P07	0	0	442	542
S18	P07	-1	559	-1	898
S19	P07	-1	915	-1	1291
S20	P08	-1	0	-1	711
S21	P08	-1	728	-1	1291
S22	P09	-1	0	-1	732
S23	P09	14	741	376	1281
S24	P09	384	741	869	1281
S25	P10	549	89	786	641
S26	P10	31	89	541	641
S27	P10	341	944	786	1291
S28	P11	638	0	869	514
S29	P11	0	0	630	514
S30	P11	114	531	869	806
S31	P11	-1	813	-1	1281
S32	P12	532	66	786	536
S33	P12	31	66	523	536
S34	P12	-1	553	-1	948
S35	P12	-1	553	-1	948
S36	P12	-1	900	-1	1218
S37	P13	640	0	869	607
S38	P13	114	0	649	607
S39	P13	551	624	869	1291
S40	P13	71	624	542	1028
S41	P13	71	1045	542	1291
S42	P14	-1	88	-1	744
S43	P14	290	761	-1	1291
S44	P15	-1	88	-1	517
S45	P15	-1	88	-1	517
S46	P15	0	533	609	1036
S47	P15	-1	841	-1	1291
S48	P16	-1	0	-1	549
S49	P17	-1	89	-1	426
S50	P17	-1	745	-1	1291
S51	P18	-1	0	-1	546
S52	P18	411	563	786	1291
S53	P18	30	563	403	1291
S54	P19	-1	0	-1	379
S55	P19	617	396	869	911
S56	P19	0	396	609	911
S57	P19	-1	910	-1	1221
S58	P20	273	0	-1	529
S59	P20	31	535	594	1221
S60	P20	31	535	594	1221
S61	P20	603	535	900	1208
S62	P20	603	535	900	1208
